,video_id,video_title,upload_date,view_count,like_count,comment_count
0,cjVS7YSAu04,How to Design an Effective Data Visualization Dashboard?,2023-12-03,140,29,1
1,a12Q35lN1UA,Career Gap to Data Analytics Lead @ Google!,2023-12-02,5058,301,9
2,AOggOfOoH1E,How much statistics do data analyst need?,2023-12-01,3859,351,6
3,YscmLNPKKCQ,Hack for fast learning!,2023-11-30,3508,208,5
4,0STljcKAHKY,Watch till the end....,2023-11-29,7262,179,12
5,tURuHBxpRxc,Future of Data Analytics!,2023-11-28,2302,149,3
6,nSyDNTPoAAg,Data Science Resume Project: ChatBot Using Dialogflow!,2023-11-26,4517,370,6
7,odS-6Yt8r7E,Surprise Alert!,2023-11-24,5025,173,50
8,Km2ZEgJmR3o,Is Data Analyst a Good Career?,2023-11-23,62127,1805,243
9,CwoldAqcJQA,Do you still need Excel?,2023-11-23,4920,279,1
10,PAAg9KHs0uI,Python Project For Your Resume: Grocery Store Management System,2023-11-22,6694,674,5
11,zgnYyIkD4dw,Landing a data job with career gap!,2023-11-21,4748,404,4
12,Vqn1Vn9Pzr4,Data Analyst or Data Scientist?,2023-11-20,7087,347,16
13,ljO7Iln9xM4,Your salary increment depends on THIS!,2023-11-19,4413,232,0
14,hcxLe5XOdWE,OLTP vs. OLAP!,2023-11-18,3171,230,1
15,tWn423UcgLs,Surprise Announcement üì¢,2023-11-17,5353,268,26
16,vBzygcF_Vpk,STOP being Data Analyst 1.0,2023-11-16,9634,747,19
17,rv0Gca8cbmU,Confused Between Data Analyt or Data Scientist?,2023-11-15,7981,450,7
18,VxBx8la8ayg,Data Analytics Project Idea: Revenue Insights,2023-11-14,5253,587,9
19,IoxdtW7Ankw,Drop your guesses in the comments!,2023-11-12,3664,86,8
20,1zPjVS5SIAc,B.Com to 5 Data Analyst Job Offers!,2023-11-11,23799,731,68
21,DsUjC6j3xWE,What is Power BI?,2023-11-11,7675,355,5
22,6MPysOMATPY,Live Winners  Top 20 Submissions Announcement | Telangana Government Insights | RPC#7 | Q  A,2023-11-11,3197,108,7
23,oFvhL9zrdTs,Diwali Surprise at Codebasics!,2023-11-10,4868,124,4
24,Uw53Yo93fMA,Data Science Resume Project Using OpenAI: Financial Data Extraction Tool #codebasics #dataanalytics,2023-11-09,7174,719,3
25,1yKHpzbhfTc,Expectations vs. Reality! ü•πüòî,2023-11-08,3486,100,8
26,vbvrX5yPEgk,Evolution üêíof Business Intelligenceworküë®‚Äçüíª! üìà#codebasics #shorts #dataanalysis #data #datascience,2023-11-07,3700,194,5
27,9IgyK38QMA8,üö´STOP DOING THIS!üö´,2023-11-06,4687,186,12
28,el7gXhISEcs,Can I Become Data Analyst in 3 Days?,2023-11-05,6130,237,6
29,iJvs6NVQrvk,üìäData Analytics Project Idea: HR Analytics #codebasics #shorts #dataanalysis #data #dataanalytics,2023-11-04,9921,908,3
30,CwEYZ-RJi0s,üåü‚úÖI will hire a person with career break if‚Ä¶! #codebasics #shorts #dataanalysis #data #datascience,2023-11-03,5130,644,12
31,s9XgJvyU_MQ,Any guesses? Comment belowüëá,2023-11-02,4204,142,15
32,ge9zJTiUjZA,70 HOURS WORK WEEK! ü§Ø#codebasics #dataanalyst #datascientist #work #corporate,2023-11-01,16515,826,23
33,_Utd1QmxYlU,6Ô∏è‚É£ Data Analyst Stones!üíé#codebasics #shorts #dataanalysis #data #dataanalytics,2023-10-31,5929,313,27
34,C3FRtYN8lGI,HiddenüëÄ Skills of a Highly Paid Data Analyst!üí∞#codebasics #shorts #dataanalysis #data #dataanalytics,2023-10-30,5419,412,9
35,eeNq4VpBezs,üåüData Science Resume Project: Bangalore Property Price Prediction! #codebasics #shorts #data,2023-10-29,10783,1277,6
36,D3vmofMmFBg,üåüMost important skill for a Data Analyst!üåü#codebasics #shorts #dataanalysis #data #datascience,2023-10-28,5132,162,11
37,blZbbrQpP84,6 Websites for Data Projects! üåüüìà#codebasics #shorts #dataanalysis #data #datascience,2023-10-27,10551,1436,5
38,0rlvVn5R2P4,‚úÖThis is how you get to TOP 10%üìà of data aspirants!ü§©#codebasics #shorts #dataanalysis #data,2023-10-26,4648,356,2
39,l9DPw0ESQ1Q,‚úÖSingle tip to RISE üìà in your DATA CAREER!ü§©#codebasics #shorts #dataanalysis #data #dataanalytics,2023-10-25,8490,474,9
40,SzKZUlf8sm0,‚ú®A BIG ANNOUNCEMENT‚ú®,2023-10-24,6916,270,22
41,VCocqboGRo4,‚úÖOne Key Difference Between Average  Great Data Analyst! #codebasics #shorts,2023-10-23,15373,761,4
42,5v402p6ydjw,Super Effective Way to Build Soft Skills! ü¶∏ü§©#codebasics #shorts #dataanalysis #data #dataanalytics,2023-10-22,5390,473,1
43,oYtm5j63MlY,Is Data Analyst a Right Career For me?! ü§îüòï#codebasics #shorts #dataanalysis #data #dataanalytics,2023-10-21,9382,1052,16
44,dPCO4obi158,Crack FAANG interview using this.! üõúüë®‚Äçüíª#codebasics #shorts #dataanalysis #data #dataanalytics,2023-10-20,9825,1123,16
45,iBB9hAW9Nis,15 Resources to Improve Your Domain Knowledge! üìà#codebasics #shorts #dataanalysis #data #datascience,2023-10-19,5245,555,17
46,WcxvKYknRU0,DO NOT WORK HARD!‚úãüö´ #codebasics #shorts #dataanalysis #data #dataanalytics,2023-10-18,5488,295,2
47,EaGA9eZW1aI,8 Projects for Your Data Analyst Resume! üìΩÔ∏èü§©#codebasics #shorts #dataanalysis #data #dataanalytics,2023-10-17,13671,1861,6
48,YhiiJ3vWG-s,Top KPIs for Data Analyst Career! üìàü§©#codebasics #shorts #dataanalysis #data #dataanalytics,2023-10-16,8572,844,6
49,2CY-Fxkdny8,How to get interview calls! üìûüòâ#codebasics #shorts #dataanalysis #data #dataanalytics,2023-10-15,7247,746,3
50,qpkYgvSmDmw,The Only Math needed for a Data Analyst role! #codebasics #shorts #dataanalysis #data #dataanalytics,2023-10-13,10321,1114,12
51,p_LdvnTUtvM,Do this thing to get a tech job! ü§©#codebasics #shorts #dataanalysis #data #dataanalytics,2023-10-12,4771,321,0
52,8ju3scaaUi8,DO NOT REPEAT THIS MISTAKE! ‚ö† (for data aspirants)#codebasics #shorts #dataanalysis #data,2023-10-11,6166,340,2
53,FzGoNV_zKoM,Becoming data analyst after age 35! üò≤ü§î#codebasics #shorts #dataanalysis #data,2023-10-10,6572,409,13
54,NNFZ8uuvmUQ,Data Visualization Tip: Include Context üìä #codebasics #shorts #dataanalysis #data,2023-10-09,2695,148,2
55,SAZPPitf_QY,7 Career Roles with Python! üêç #codebasics #shorts #dataanalysis #data,2023-10-07,8117,779,3
56,s6lRU0nn_nw,Data Visualization Tip: Pie Chart vs Bar Chart üí°üìä #codebasics #shorts #dataanalysis #data,2023-10-05,7286,566,6
57,iKkod8gj9bs,Single Tip üí° For Exponential Career Growthüìà#codebasics #shorts #dataanalysis #data,2023-10-03,6915,583,5
58,ROcFzxXm6hE,Health Struggle üë®‚Äç‚öïÔ∏è Helped me Grow my YouTube Channelüé• üìà#codebasics #shorts #dataanalysis #data,2023-10-02,20140,1917,61
59,nF-em83yyK4,Future of Data Analytics belong to those.... #codebasics #shorts #dataanalysis #data,2023-10-01,15324,1118,12
60,6ZXHNuwAnPw,Never ask this question to anyone! ü§´‚ùå#codebasics #shorts #dataanalysis #data,2023-09-30,16407,830,8
61,20US5sfG-j8,Now ChatGPT can Read and Hear!!! ü§©ü´°#codebasics #shorts #dataanalysis #data,2023-09-29,17352,595,5
62,otdiLsyzv90,Omdena can help you get an Interview Call! üìûü§©#codebasics #shorts #dataanalysis #data,2023-09-28,19451,2337,20
63,mR2Q-zm3PR4,5 üåüNon-Tech to TechüåüData Transition Stories! ‚úÖ#codebasics #shorts #dataanalysis #data,2023-09-27,6425,521,6
64,ahPqEh-F3Vo,Not getting interview call?üòïüí° #codebasics #shorts #dataanalysis #data,2023-09-26,4593,200,2
65,s-vNTTr_jFI,Data Visualization Tip: Ribbon Chart üí°üìä #codebasics #shorts #dataanalysis #data,2023-09-25,7987,551,4
66,huWr4E88ZoI,8 Portals for Datasetsü§Ø#codebasics #shorts #dataanalysis #data,2023-09-24,14993,2393,13
67,k1Zkg4uwlIc,Functional Dashboardüåπ vs. Fancy Dashboardüìä? #codebasics #shorts #dataanalysis #data,2023-09-23,14556,849,3
68,px0Oz0nRz4c,He cracked 10 Interviews..! ü§Ø#codebasics #shorts #dataanalysis #data,2023-09-21,27201,1961,18
69,E-ech-D96V4,Data Visualization Tip: Start with 0 üí° #codebasics #shorts #dataanalysis #data,2023-09-20,14086,1107,6
70,S6CauisUELY,Mom with 6 Years Career Break! ü§Ø#codebasics #shorts #dataanalysis #data,2023-09-19,6819,325,10
71,53nrpoqMpbw,Use this tip to learn anything fast! ‚ö°üí°#codebasics #shorts #dataanalysis #data,2023-09-18,9136,731,12
72,z4PkyYd7FUI,6 Ways to SPEED UP Python Program! üèéüí®#codebasics #shorts #dataanalysis #data,2023-09-17,11810,1137,1
73,vk1B1TmTmqg,Not Getting an Interview Call?üòï #codebasics #shorts #dataanalysis #data,2023-09-16,13192,1294,14
74,kfjH9nHve-8,This Attitude YOU NEED in Data Field! üìà‚úÖ #codebasics #shorts #dataanalysis #data,2023-09-15,51190,3044,33
75,IoHEuhPPwRA,Art of Asking Questions!üé®üí° #codebasics #shorts #dataanalysis #data,2023-09-14,10387,537,7
76,2qlVv4QS5B4,Use this tip to make your career transition smooth! üí° #codebasics #shorts #dataanalysis #data,2023-09-13,8389,471,11
77,NimKbtap1lU,Data Science Roadmap! üõ£‚úÖ #codebasics #shorts #dataanalysis #data,2023-09-12,7675,732,46
78,nGouSpt5elg,My First Job Salary vs NOW?üíµüíπ #codebasics #shorts #dataanalysis #data,2023-09-11,25722,1666,30
79,wNbq6DxFcwU,15 Design Rules for BI Dashboard! üìäüåü #codebasics #shorts #dataanalysis #data,2023-09-10,9179,1102,12
80,YCA1inoLmQQ,SQL 5 career Paths! ‚úÖüë®‚Äçüíª #codebasics #shorts #dataanalysis #data,2023-09-09,14174,1162,16
81,Ouq0cCtqefE,The Ultimate Data Science Job Checklist! ‚úÖ  #codebasics #shorts #dataanalysis #data,2023-09-08,5990,469,13
82,GkQCChXvxw0,Data Analyst Job-Ready ChecklistüöÄüöÄ,2023-09-07,10656,783,12
83,b6gnP72mlyw,Langchain for LLMs! ü¶úüí° #codebasics #shorts #dataanalysis #data,2023-09-06,4575,316,7
84,-JOoeynadEQ,Guided Data Science Projects for Your Resume!üìÑüë®‚Äçüíº  #dataanalysis #datascience  #data  #shorts,2023-09-05,19372,1596,14
85,t81gqBvOr7o,Data Analyst Roadmap 2023 üöÄ,2023-09-04,27157,2564,50
86,rNJR2NhS2Ec,Programmer or Zookeeper? ü§îüêçüêº #dataanalysis #datascience #data #shorts,2023-09-03,73715,2527,61
87,35mZDywp3TU,Using CHATGPT for DATA ANALYST interview! üß†üí° #dataanalysis #datascience #data #shorts,2023-09-02,12622,1476,13
88,J5usVbAoB9c,Nurseüë©‚Äç‚öïÔ∏è to Momüë®‚Äçüë©‚Äçüë¶ to Data Analystüìä #dataanalysis #datascience #data #shorts,2023-09-01,7342,300,5
89,6-UByNVIHwU,Something MORE IMPORTANT than tech skills! ü§îü§Ø #dataanalysis #datascience #data #shorts,2023-08-31,7947,639,4
90,RmpuqY8_ZLw,5 Ways SQL is used in Data Industry! #dataanalysis #datascience #data #shorts,2023-08-30,14346,1127,9
91,XClkezjOtJY,3 ways to use ChatGPT for data analyst job interview! üë®‚Äçüíª  #dataanalysis #datascience #data #shorts,2023-08-29,18943,2020,9
92,AIzjiGlwr5I,Search Skill OR Memorization Skill? üòï #dataanalysis #datascience #data #shorts,2023-08-28,11578,1014,25
93,tH7lTK_CeJU,Power BI DAX Tip | Using Variables üí° #dataanalysis #datascience #data #shorts,2023-08-27,3117,209,0
94,tI7EZNjRHdE,Power BI DAX Tip | Graceful Division ‚ûóüí°  #dataanalysis #investing #data #shorts,2023-08-26,3568,223,7
95,fXzSgmyDjWg,Data Informed vs. Data Driven Decision Making! ü§îüìä  #dataanalysis #datascience  #data #shorts,2023-08-25,4582,301,9
96,7r5rqK7GHEY,Don&#39;t ignore this if you are building a dashboard! üìä‚úè  #dataanalytics #datascience #data #shorts,2023-08-24,19864,1317,10
97,xTvdsMRiF6c,India is now on the moonüåù#codebasics #chandrayaan3 #chandrayaan3mission #chandrayaan #data #shorts,2023-08-24,4571,302,13
98,jewh3qEGd0A,He became a data analyst at age 51! üë®‚Äç‚öïÔ∏è‚û°üìäüò≤ #dataanalytics #data #datascience #shorts,2023-08-23,9821,545,12
99,67_aMPDk2zw,LLM Explained |  What is LLM,2023-08-22,35360,1390,82
100,p5lPAxM0VRY,Top 5 BI Tools in Market! üìä  #dataanalytics #data #datascience #shorts,2023-08-22,9302,419,10
101,7lfc9hVQ1VM,Confused : Python or SQL? #dataanalytics #data #datascience #shorts,2023-08-20,15204,1046,14
102,MFaJazhXrcc,5 Dashboarding Tipsüí° #shorts #dataanalytics #data #datascience,2023-08-19,4134,331,1
103,nAmC7SoVLd8,LangChain Crash Course For Beginners | LangChain Tutorial,2023-06-30,129429,3957,185
104,2e5pQqBvGco,End-to-End NLP Project | Build a Chatbot in Dialogflow | NLP Tutorial | S3 E2,2023-06-23,132904,2818,218
105,SHUWIeoiEH4,Resume Challenge #5 Winner Announcement: Provide Insights to Telangana Government Tourism Department,2023-06-20,4890,92,6
106,ZeoqOybAzdc,Introduction to Chatbots | NLP Tutorial | S3 E1,2023-06-16,18198,527,26
107,HlBu3fsmZX0,How He Grew His Business 3X Using Data Analytics | Mechanical Engineer to Data Analyst,2023-06-01,11535,298,13
108,jhHnqag43WM,Know this before you start learning any technology üöÄ,2023-05-27,13433,768,3
109,Gw6hVMzna7g,Hacks for Moms With a Career Break to Become a Data Analyst [Unfiltered Process],2023-05-25,15757,526,54
110,T8ryqTyVye4,Will AI Replace Data Analyst Jobs?,2023-05-20,72706,1893,175
111,f-Zf5eWSW3k,"ChatGPT vs BARD, Which is better?",2023-05-17,14433,344,38
112,8n-zu2sDt1M,Watch this if you have a CAREER GAP,2023-05-16,19473,1485,42
113,CQZdrA-hqCo,5 Ways to Learn Data Analytics By Solving Real-Life Problems,2023-05-13,17988,523,28
114,__4BIPqNDbk,Static Resumes Are Dying...,2023-05-10,23365,1265,14
115,vBmYnaMz0kk,Codebasics Data Analyst Bootcamp is Now LIVE üî•,2023-04-27,29687,695,307
116,wKqt7ThgR1g,Is Python Really Needed For a Data Analyst Job?,2023-04-22,36259,1332,61
117,y9p6tWgXa20,Resume Challenge #4 Winner Announcement: Provide Insights to Management in Consumer Goods Domain,2023-03-28,3502,95,4
118,in3IB45YEgY,B.Com to Data Analytics Transition,2023-03-18,14552,478,42
119,IJCcHDLv7ss,GPT-4 Demo | GPT3 vs GPT4,2023-03-15,129268,1510,146
120,hQvCOBv_-LE,What is STAR schema | Star vs Snowflake Schema | Fact vs Dimension Table,2023-02-16,63384,3094,98
121,LYSaxDQbf2k,How Omdena helped her get a Data Scientist job!,2023-02-11,9223,370,30
122,vL4yC-wyKu8,Team Codebasics UNITED üî•üéá,2023-02-08,22408,1337,25
123,nkvInnpuic8,Can I learn data science if I am more than 30?,2023-02-07,12703,732,102
124,tT4V7zguCnc,How Data Analysts Build Dashboard in Real Time? | Revenue Insights | Hospitality Domain,2023-02-04,214033,5959,190
125,-doYCOojY4w,These folks were HIRED as Data Analysts without an interview!,2023-01-28,30929,888,36
126,iaeKdiBu5Hs,Do people really get a Job via Job guarantee programs?,2023-01-24,25898,553,154
127,MaaphT465_I,5 Projects for a Data Analyst Job | All Materials Included,2023-01-21,121080,4781,104
128,sUTr-qs0u20,Resume Challenge #3 Winner Announcement: Insights to the Executive Team in the Telecom Domain,2023-01-13,3095,82,1
129,eaFaD_IBYW4,Data Science Roadmap 2023 | Learn Data Science Skills in 6 Months,2023-01-12,482776,22598,822
130,L7a1QBJdbzg,B Com to Software Developer Transition,2023-01-10,7995,323,54
131,dzTwpJ1J2rs,"Codebasics Live Data Quiz | 6 Jan, 7.30 pm IST, 2023",2023-01-06,3475,142,15
132,yboN-5jHVAY,SQL Job Options | Career Paths After Learning SQL,2023-01-05,26980,747,47
133,b_n-hhtMbXA,Data Analyst Roadmap 2023 | Learn data analytics skills in 3 months,2023-01-02,331788,11646,359
134,6erwYj4T86c,5 Unique Python Project Ideas for Your Resume | Python Projects for Beginners to Advanced,2022-12-28,82650,2770,54
135,0fEipHY0XEQ,Which jobs are secure against ChatGPT breakthrough? üôÑ,2022-12-23,23573,870,100
136,KOmGPNS-YM8,Top 8 Python Libraries You Must Know In 2023 For Data Science | Python Modules for Data Science,2022-12-22,43387,1453,45
137,4QkYy1wANXA,"End To End Cricket Data Analytics Project Using Web Scraping, Python, Pandas and Power BI",2022-12-16,366596,9037,368
138,fHw188SBb9k,7 Job Options After Learning Python | Python Career Opportunities,2022-12-09,69077,2037,71
139,q50JqHQLOQU,Codebasics Reached 700K Subscribers Mark. Thank You All üôè,2022-12-07,8803,470,17
140,qMShq1Wi0Uc,How important are Excel skills for a Data Career?,2022-11-30,22660,1066,16
141,kptvgGQ2nSY,5 Ways SQL is Used In The Data Industry,2022-11-26,14597,429,15
142,dZbaRYSy9Zo,What Can I Do To Survive Recession? | Impact Of Recession On Data Jobs,2022-11-22,14072,514,27
143,HGtWxyUQ1xg,Future belongs to those...,2022-11-22,38034,2606,23
144,6KK0qilW7qU,SQL Course Live Now On Codebasics.io | SQL For Beginner and Advanced Users,2022-11-17,42016,681,79
145,ezrT1H-6DMY,SQL Course Movie Trailer,2022-11-15,33838,774,89
146,tD_sQSzq6uY,Get a Data Science Interview Call Using Cold Emailing,2022-11-12,7938,287,10
147,asOnUFHlvZw,Resume Project Challenge #2 Winner Announcement: Supply Chain Insights In FMCG Domain,2022-11-10,5679,134,4
148,zh-xQp508Vk,"4 Tips For Building Powerful Data Science Projects. Ft. Nick Singh (Ex. Facebook, Google)",2022-11-05,10791,336,13
149,Cq_pbQYO3M8,fastText tutorial | Text Classification Using fastText | NLP Tutorial For Beginners - S2 E13,2022-10-28,19496,611,41
150,Br-Ozg9D4mc,fastText Tutorial | Train Custom Word Vectors in fastText | NLP Tutorial For Beginners - S2 E12,2022-10-22,23133,481,44
151,2lfLPAfU40g,Free data analytics project for your resume with FMCG / Supply Chain dataset | Challenge #2,2022-10-12,28048,652,36
152,ZrgVlfNduj8,News classification using Gensim word vectors: NLP Tutorial For Beginners - S2 E11,2022-10-11,12428,466,36
153,aiX9hyxVcL8,Resume Project Challenge Winner Announcement: Revenue Insights In Hospitality Domain,2022-10-10,6816,151,6
154,0r2NJdalzDw,Word vectors in Gensim overview: NLP Tutorial For Beginners - S2 E10,2022-10-05,13513,451,21
155,ibi5hvw6f3g,News classification using Spacy word vectors: NLP Tutorial For Beginners - S2 E9,2022-10-01,15910,500,29
156,vyohzuTkty8,Word vectors in Spacy overview: NLP Tutorial For Beginners - S2 E8,2022-09-28,14234,316,15
157,hwuCesO6BTk,AI/Ml Career Insights From Google&#39;s AI Cloud Solution Services Head - India,2022-09-24,11917,276,15
158,Q-x0xwHAOUQ,Free data analytics project for your resume with hospitality dataset | Challenge #1,2022-09-21,21416,605,16
159,woGM7Mgz7ZQ,3 Important things to get your resume picked,2022-09-19,6770,291,7
160,7Mp82bRhvW0,Three excellent websites to practice SQL interview questions üî•,2022-09-17,21953,1222,8
161,QOyHqOrn2DE,NVIDIA GPU Giveaway | World&#39;s Biggest FREE AI Conference - NVIDIA GTC Fall 2022,2022-09-16,5811,187,108
162,Rn0LyHJujF4,Build a Stand-Out Data Science Project Portfolio With Omdena,2022-09-14,34954,1072,38
163,PaoXRxgEQp8,8 Data Analyst Skills in 2022 | Ironman Style üî•üî•,2022-09-12,21989,1425,17
164,W7lmbinPNW8,6 Power BI Skills To Become A Successful Data Analyst üî•üî•,2022-09-09,16684,799,7
165,Do8cVbx-HOs,Text Representation Using Word Embeddings: NLP Tutorial For Beginners - S2 E7,2022-09-08,27021,636,25
166,uRrQLefb4-I,Data Analyst Project For Beginners (HR Analytics): 6 - Closing,2022-09-05,26077,475,40
167,q0-XCIu0fSc,Data Analyst Project For Beginners (HR Analytics): 5 - Dashboarding,2022-09-05,22164,256,25
168,v_enwVAvsyQ,Data Analyst Project For Beginners (HR Analytics): 4 - Creating Metrics,2022-09-05,25040,255,69
169,DwgC72_s-T4,Data Analyst Project For Beginners (HR Analytics): 3 - Data Gathering  Transformation,2022-09-05,48240,570,68
170,MlDjrcnwAhw,Data Analyst Project For Beginners (HR Analytics): 2 - Understanding Requirements,2022-09-05,44936,545,27
171,ru1qeDO_qrc,Data Analyst Project For Beginners (HR Analytics): 1 - Problem Statement,2022-09-05,77453,1104,36
172,WZui2hPyjw4,Codebasics Day: Live Fun Data Quiz With Prizes For Winners,2022-09-05,2652,71,3
173,yd2FVTDGj9s,Teachers Who Influenced us,2022-09-05,1243,45,5
174,bOIEF_ol0vM,"Codebasics Day: New Initiative To Help Data Science, Data Analytics Learners",2022-09-05,6050,244,18
175,T4rlTsr1e7g,Codebasics Day: The Teacher Who Doesn‚Äôt Want to Retire,2022-09-05,4737,391,43
176,oQUlpvA-0rs,"Big Announcement, Live Stream | 5th September - Codebasics Day",2022-09-02,8496,233,33
177,T-rAYiNjvbk,SQL Interview Questions and Answers Practice | 3 Best Websites,2022-09-01,33897,1470,36
178,y42CzmzMk68,Your First Data Analytics Project,2022-08-30,118693,8005,36
179,zSgmrWQa03s,What is Business Intelligence Tool? What is Power BI?,2022-08-27,25704,520,25
180,wg15SqQHr9w,Not getting answers for your questions? Try this POWERFUL techniqueüöÄ,2022-08-25,5675,370,5
181,uz1lM4aKMcU,Having a confusion on your career? Try this bottom up approach!,2022-08-20,12903,470,41
182,ATK6fm3cYfI,Text Representation Using TF-IDF: NLP Tutorial For Beginners - S2 E6,2022-08-17,33345,692,19
183,nZromH6F7R0,Text Representation Using Bag Of n-grams: NLP Tutorial For Beginners - S2 E5,2022-08-13,26248,532,30
184,jfpdr9j94_k,Study plan to crack FAANG job interviews | MAANG interview preparation guide,2022-08-06,204794,7130,142
185,vUPAOU2NPls,Stop Words: NLP Tutorial For Beginners - S2 E4,2022-08-04,16203,390,21
186,6jfARpCukyo,Pandas Memory Optimization Tips,2022-08-01,5477,252,11
187,xAVbBgDrwLo,What exactly is insights to space ratio in BI dashboard?,2022-07-27,7476,321,5
188,Yt1Sw6yWjlw,Text Representation Using Bag Of Words (BOW): NLP Tutorial For Beginners - S2 E3,2022-07-25,29184,662,30
189,Mz-0ofqx5M8,Data Analytics Live QA - 24th July,2022-07-24,8239,267,25
190,WROHCDfiBp0,The Learning Resource That Helped People Crack Job Interviews at Meta and Walmart,2022-07-21,8190,215,14
191,hzzvCrg4nr0,What Learners Think About Codebasics Data Analytics Course?,2022-07-15,9041,222,64
192,2d8iP2_cS-U,Text Representation: Label  One Hot Encoding: NLP Tutorial For Beginners - S2 E2,2022-07-14,20510,665,24
193,HuZiJ44_71M,How to Design an Effective Data Visualization Dashboard?,2022-07-09,57177,689,17
194,hsJidtpHHyo,What are the features in machine learning?,2022-07-07,9225,254,17
195,FD9b73JXpYY,Resume Tips: Interests and Hobbies Section,2022-07-06,31589,918,9
196,G3uclekof0c,Data Visualization Tip: Provide a Context,2022-07-04,8436,417,7
197,_3ahmI5vpKY,Text Representation Basics: NLP Tutorial For Beginners - Season 2 Episode 1,2022-07-01,20163,622,20
198,W8o6dq3kisM,Resume Tip: Use STAR Method to Describe Project Experience,2022-06-30,13407,600,4
199,ttYc9I2YrFY,Deepnote = Jupyter notebook for collaboration ü§ù | Deepnote Tutorial,2022-06-29,8982,204,14
200,LlD2hNyjjLg,Resume Tip: Concrete Proof Over a Vague Claim,2022-06-27,9202,347,4
201,imaOMwNcE7M,Data Visualization Tip: Start Your Chart With ZERO,2022-06-25,29428,1319,13
202,3hY3YmwyU_s,Data Visualization Tip - What is Ribbon chart?,2022-06-23,22282,1023,18
203,yFNMgIUiXuM,Python Course is LIVE now üî•üî•üî•,2022-06-21,26499,650,113
204,nqnLhy0A-Es,Data Visualization Tip - Pie Chart or Bar Chart?,2022-06-15,15256,691,19
205,buQSI8NLOMw,Data Analyst  Software Engineer Resume Tips and Templates,2022-06-11,51243,1431,56
206,xaKOvuffxRw,Data Analytics Live QA,2022-06-05,10451,327,23
207,2XUhKpH0p4M,Named Entity Recognition (NER): NLP Tutorial For Beginners - S1 E12,2022-06-03,62015,1315,41
208,ltOAU5qu9sc,A Killer Update In Power BI üî•,2022-05-31,110059,4377,26
209,cElCnuA40os,Data Analytics In Power BI Tutorials For Beginners: The Course is now LIVE üöÄ,2022-05-26,62323,1114,167
210,GUZwFRs9f5c,Must have skill for exploratory data analysis.,2022-05-21,16282,700,24
211,poHVmxGpvW8,Data science skills 10 years from now!,2022-05-16,21794,1025,41
212,gdHWoQWZGkk,Part Of Speech POS Tagging: NLP Tutorial For Beginners - S1 E11,2022-05-14,30704,728,39
213,slQDeuWiD7U,Future of NLP Jobs,2022-05-11,37784,1583,31
214,RjSgdRjmlSA,How do I learn the GIT version control system easily?,2022-05-09,15207,670,15
215,HHAilAC3cXw,Stemming and Lemmatization: NLP Tutorial For Beginners - S1 E10,2022-05-07,38717,1143,30
216,zB0Ap_SlVao,Future of data science jobs,2022-05-05,141719,7463,103
217,VrgB8GyjYYM,Do you have a fear of coding? Try this!,2022-05-02,29791,1653,48
218,52rAq9Zmyiw,"Preparing Kids For Data Science, AI Career | Don&#39;t Spoil Their Childhood!",2022-04-29,83159,1954,215
219,hKK59rfpXL0,Language Processing Pipeline in Spacy: NLP Tutorial For Beginners - S1 E9,2022-04-26,31301,1009,35
220,kmtbfkGlqvI,From an Intern to a CEO in 4 years,2022-04-22,11063,295,26
221,_lR3RjvYvF4,Tokenization in Spacy: NLP Tutorial For Beginners - S1 E8,2022-04-20,45529,1612,46
222,wHF99-BYvgU,The New Beginning,2022-04-15,34943,2176,290
223,UnVyNh6P6FQ,The END of the Journey,2022-04-09,65653,3805,581
224,Eb-YWlxHiQM,USA vs Canada For Masters Studies,2022-04-06,67286,1660,166
225,h2kBNEShsiE,Spacy vs NLTK: NLP Tutorial For Beginners In Python - S1 E7,2022-04-01,59191,1902,51
226,1KaQImCTG6A,How can you find the best career for yourself? Finding your IKIGAI,2022-03-28,22015,791,81
227,S3EId9uatxI,NLP Pipeline: NLP Tutorial For Beginners In Python - S1 E6,2022-03-26,53229,1414,50
228,tB2dp6OKoz8,NVIDIA GTC  A Giveaway!,2022-03-19,5859,216,45
229,LUr1OZgVhVk,The most common mistake by a new programmer!,2022-03-12,16674,838,34
230,wauwRR1pEbg,The Great Career Transition Era Has Arrived | You Can Do Anything,2022-03-08,22354,986,81
231,Zcdy1BpozW0,How to build domain knowledge,2022-03-04,42703,1500,99
232,HLU4oDOinzo,What is Metaverse? Metaverse Career Opportunities,2022-02-26,35439,1038,57
233,VohANmgEx7Y,Upcoming in-person meetup,2022-02-22,7256,175,20
234,In7jB8TUGPA,NLP Tasks: NLP Tutorial For Beginners In Python - S1 E5,2022-02-19,49529,1101,41
235,R6u5EBWAssY,"Reality behind data science, machine learning jobs",2022-02-16,1373509,63370,451
236,mdQRqba2AwQ,Business Degree To Data Science At Amazon  Google | Sundas&#39; Inspirational Story @SundasKhalid,2022-02-12,81210,1747,72
237,f_csX16Y5e8,Code Monkey Mindset,2022-02-09,16607,839,19
238,nknYY32RGXQ,Three Category Of Techniques for NLP : NLP Tutorial For Beginners In Python - S1 E4,2022-02-06,63690,1516,35
239,yaGEgVgZxMo,Is Python A Slow Language?,2022-02-05,24971,1456,64
240,-7WTKWBckUY,Aim Higher | Job Search Advice,2022-02-02,19341,1225,36
241,lK9gx4q_vfI,Regex For NLP: NLP Tutorial For Beginners In Python - S1 E3,2022-01-29,124070,2888,99
242,3y2-IaBeIs0,Why NLP is booming right now? | NLP Tutorial For Beginners In Python - S1 E2,2022-01-27,100463,2265,65
243,zq3v8lEfIUk,Not getting enough time to learn data science? Here is the time savings tip!,2022-01-26,26228,1310,26
244,R-AG4-qZs1A,Introduction | NLP Tutorial For Beginners In Python  -  Season 1 Episode 1,2022-01-22,252648,4687,148
245,dQ7Okl0XY_s,Codebasics Coding Competition: üí• ùêÇùêéùêÉùêÑ-ùêÄ-ùêìùêáùêéùêç üí•,2022-01-21,9014,312,18
246,Yt3PQU_qEtc,Data Engineering Interview Tips By Airbnb Data Engineer | Part 2,2022-01-15,26694,718,29
247,iyvxI_Ah3qc,Why I love Python?,2022-01-12,12323,772,35
248,NWVindWhIX8,Data Engineering Career Tips By Airbnb Data Engineer | Part 1,2022-01-09,82692,2325,62
249,BFCky7ZnqO8,Data Science Masters In USA - Live QA,2022-01-02,12334,403,22
250,0lQHPcYYfWA,Is Auto ML going to kill data science jobs?,2021-12-29,40648,1089,51
251,m7KWxX23zCU,Simple explanation of Modified Z Score | Modified Z Score to detect outliers with python code,2021-12-25,22794,593,47
252,yXEZr2fg3TY,Masters in Physics to Data Scientist Career Transition Story,2021-12-21,28040,1030,94
253,3lT8BHmEOfk,Single tip to make fast progress in your job | Skyrocket your career with this single tip,2021-12-16,13666,587,35
254,IiMlBs-yePg,5x your productivity with this single app: Notion | How I use notion to manage my youtube channel,2021-12-10,13111,264,31
255,GRzb3x7I6B8,Step by step process of thinking like a data analyst | How a data analyst thinks,2021-12-04,37879,1471,99
256,sHw5hLYFaIw,Regular Expression Tutorial Python | Python Regex Tutorial,2021-12-01,83890,2465,113
257,fIsXdtcn09U,"The real importance of a degree in data science, software engineering interview",2021-11-30,67820,2670,43
258,6FVcIa4MXXE,Common mistakes junior programmers make | Programming tips,2021-11-27,18509,607,48
259,43q4nGka5SE,When you say YES to something you are saying NO to something else.,2021-11-25,13433,439,16
260,XV8Gn9aEbQ8,"Live QA: Data Science, ML. Ft: Anuj Gupta (Head of Machine Learning @ Vahan Inc, NLP Book Author)",2021-11-20,7489,230,10
261,957fQCm5aDo,Data Science Projects For Resume | Machine Learning Projects With Source Code,2021-11-13,400115,12689,166
262,J4uXuHqxVdg,Statistics Books For Data Science and Machine Learning,2021-11-10,43603,1125,62
263,eD3Zsb6w7K4,Free datasets for machine learning and data science projects,2021-11-07,19673,703,34
264,XXv4lMQP6uw,Data Engineer At Grubhub After 6 Years Of Career Break,2021-11-02,20331,517,63
265,jZRi3i9I644,"He won $21,000 in a Live Hacking Event | Bug Bounty",2021-10-28,26342,932,49
266,f_xzBcBBcTs,Interview Tips With @gkcs‚Äã,2021-10-24,9232,259,14
267,RtrBtAKwcxQ,Machine Learning Tutorial Python - 21: Ensemble Learning - Bagging,2021-10-22,70227,1680,86
268,B01qMFMAgUQ,Machine Learning Tutorial Python - 20: Bias vs Variance In Machine Learning,2021-10-19,58364,1727,64
269,Ll1BLZBSLQ8,Lawyer to a Software Engineer At Google,2021-10-16,16853,605,71
270,bswlUucUuMk,NVIDIA GTC 21  a Giveaway !,2021-10-12,6826,273,219
271,8klqIM9UvAc,Machine Learning Tutorial Python - 19: Principal Component Analysis (PCA) with Python Code,2021-10-09,138763,2791,131
272,CQveSaMyEwM,Machine Learning Tutorial Python - 18: K nearest neighbors classification with python code,2021-10-06,129442,2076,81
273,Avgl_ZwKVV8,How do I transition from software development to data science?,2021-10-04,16168,507,55
274,fb8BSFr0isg,"What is Hypothesis Testing ? Math, Statistics for data science, machine learning",2021-10-02,86144,2475,123
275,mSf0j8qkkFI,Deep learning project end to end | Potato Disease Classification - 8 : Mobile App in React Native,2021-09-27,48275,593,63
276,XH945kBzbdA,How do I transition from software testing to data science?,2021-09-25,33174,826,68
277,unTRt_gK7Jk,Career Gap and Now a Machine Learning Engineer At Sony,2021-09-18,14032,364,58
278,eiIhTbFP0ls,Simple explanation of A/B Testing,2021-09-15,79316,1766,50
279,ra4j7yDlakQ,Deep learning project end to end | Potato Disease Classification - 7 : Model Deployment To GCP,2021-09-12,38554,351,67
280,DQFerxe6o5g,Deep learning project end to end | Potato Disease Classification - 6 : ImageDataGenerator API,2021-09-11,34280,325,22
281,-kduEAqShbc,18 Lakh Per Annum Job Offer As a Data Science Fresher | Geology to Data Science,2021-09-08,166576,5128,241
282,wqxQDCXLRnY,How to code faster - 7 tips to improve code development speed,2021-09-04,9489,408,27
283,vMtIlFmZKxQ,"Salary Negotiation Tips levels.fyi founder (Ex Linkedin, Amazon Engineer)",2021-08-29,14937,293,14
284,hOCDJyZ6quA,"Text Classification Using BERT  Tensorflow | Deep Learning Tutorial 47 (Tensorflow, Keras  Python)",2021-08-28,126124,2093,126
285,JLJwOP1Djdw,"Resume tips from levels.fyi founder (Ex Linkedin, Amazon Engineer) | Part 1",2021-08-28,8090,216,14
286,lXZn3eDFDgE,"Importance of Data Structures, Algorithms and Competitive Coding In Data Science Career",2021-08-27,37702,1275,78
287,uldlsT98Bbs,Deep learning project end to end | Potato Disease Classification - 5 : Website (In React JS),2021-08-26,48468,557,129
288,t6NI0u_lgNo,Deep learning project end to end | Potato Disease Classification - 4 : FastAPI/tf serving Backend,2021-08-25,86686,740,122
289,ZN6P_GEJ7lk,Deep learning project end to end | Potato Disease Classification - 3 : Model Building,2021-08-24,102024,1290,181
290,bns5ELvbzVk,"Deep learning project end to end | Potato Disease Classification - 2 :Data collection, preprocessing",2021-08-23,173934,3133,156
291,dGtDTjYs3xc,Deep learning project end to end | Potato Disease Classification Using CNN - 1 : Problem Statement,2021-08-22,233587,3860,134
292,Wr1JjhTt1Xg,FastAPI Tutorial | FastAPI vs Flask,2021-08-18,63696,1479,61
293,xK5zAg5TZUk,I am really sorry about this!,2021-08-16,55213,2055,77
294,9VSzXt9pD5U,Is age a barrier to learn data science?,2021-08-14,46645,1785,133
295,v1oHf1KV6kM,"Quantization in deep learning | Deep Learning Tutorial 49 (Tensorflow, Keras  Python)",2021-08-14,38590,1241,106
296,IMSnp4hTHYQ,Do you need a college degree for data science or coding career?,2021-08-11,16628,733,84
297,rAIfuWRM96A,"He has worked for Facebook, Google, Microsoft AI Research Teams | Data Scientist",2021-08-07,12718,383,34
298,P-5sMcpTE0g,"tf serving tutorial | tensorflow serving tutorial | Deep Learning Tutorial 48 (Tensorflow, Python)",2021-08-05,42687,735,41
299,sJzuNAisXHA,What is Self Supervised Learning?,2021-08-04,19886,430,22
300,t-kiCW0jdLg,How Kaggle Helped Him Become ML Engineer With Mechanical Engineer Degree,2021-07-31,112777,3524,146
301,QqeHli7YyOQ,3 ways you can switch to a data science career from non technical background,2021-07-27,38608,909,121
302,7kLi8u2dJz0,"What is BERT? | Deep Learning Tutorial 46 (Tensorflow, Keras  Python)",2021-07-22,202796,6473,194
303,icGPvdH4PJo,250 to 650 People During Pandemic | Hypergrowth Story of Bacancy Technology,2021-07-20,5032,102,3
304,m_CooIRM3UI,"Cosine similarity, cosine distance explained | Math, Statistics for data science, machine learning",2021-07-15,49658,1240,56
305,dLExQ6yc7e4,Not getting interview calls? Try these 3 effective tips,2021-07-12,33481,1445,153
306,A0jr2lwvRik,Mumbai freelancer earns 3 lakh INR a month with data engineering,2021-07-10,123692,3474,155
307,o6nFv0UfEdI,"sin cos tan explained. Explanation using real life example | Math, Statistics for data science",2021-07-08,33844,1008,44
308,yKB6EUbGamo,He got 4 data analyst job offers | Mechanical engineer to data analyst,2021-07-05,87268,2186,113
309,wUK_k1GHEtw,Practical AI: Is it all about building models | Conversation with head of machine learning @Vahan,2021-07-03,8499,286,37
310,HCbZujfzDEc,How useful are certificates to get a data science job?,2021-06-30,44741,1219,202
311,z_96KlOS92o,"He cracked FAANG (MAANG) interviews in 10 companies including Amazon, Facebook, UBER, Microsoft",2021-06-19,646369,14015,637
312,MLEKEplgCas,Optimize Tensorflow Pipeline Performance: prefetch  cache | Deep Learning Tutorial 45 (Tensorflow),2021-06-15,27077,756,42
313,5c6Q97eOQ8o,How amazon uses data science? | Woman in data science | Career tips from Amazon Data Scientist,2021-06-12,60610,1544,120
314,VFEOskzhhbc,"Tensorflow Input Pipeline | tf Dataset | Deep Learning Tutorial 44 (Tensorflow, Keras  Python)",2021-06-10,80010,1710,77
315,89amFKwlb0M,3 Most Important Skills to Become A Data Scientist,2021-06-06,175114,2038,168
316,5HaWRGcTTyg,Crypto  Blockchain Live,2021-06-05,4584,108,9
317,95OyAjIZAbs,Distributed Training On NVIDIA DGX Station A100 | Deep Learning Tutorial 43 (Tensorflow  Python),2021-06-01,28162,569,50
318,s3N2Vg976yQ,How to build a software product and sell it for multimillion $$$? | Become a software entrepreneur,2021-05-29,13452,401,33
319,-LVdJuNzmU0,How I Learned Data Science | My Data Science Journey,2021-05-24,87889,3392,293
320,nd4In7EkBOQ,Data Science Internship LIVE QA With Tesla Data Science Intern,2021-05-22,25017,841,28
321,Q2NtCcqmIww,Word2Vec Part 2 | Implement word2vec in gensim |  | Deep Learning Tutorial 42 with Python,2021-05-21,72739,1525,100
322,iIYYGeKD5mQ,GPU Burn Test | NVIDIA DGX Station A100 Thermal Benchmark,2021-05-19,7468,136,11
323,9KyixVtWumE,Do you want to start a business or have entrepreneurship dreams? Here is the live guidance session,2021-05-16,4782,175,22
324,ABr9ZAkeiiU,How do I stay updated in Data Science?,2021-05-15,18725,560,44
325,xtTX69JZ92w,"Log normal distribution | Math, Statistics for data science, machine learning",2021-05-14,79928,1793,81
326,T4MLrtOKPjY,Complete Roadmap for Machine Learning | ML Roadmap for Beginners,2021-05-11,233182,8488,279
327,Yqj_w_wjZmY,Data Scientist  Software Engineer Salaries in 2021,2021-05-08,32858,567,48
328,YaWE3qkzmDI,Live Data Science QA: Charity Stream To Help India Fight COVID,2021-05-02,3936,162,10
329,t4LOv9h-FJM,"Median, Mean, Mode, Percentile | Math, Statistics for data science, machine learning",2021-05-01,100749,2357,99
330,SPExESsO4ok,What is machine learning lifecycle? | What is Model Development Life Cycle (MDLC)? MDLC vs SDLC,2021-04-29,7841,252,17
331,okhrFgaUwio,"Normal Distribution and Z Score | Math, Statistics for data science, machine learning",2021-04-26,90809,2394,196
332,yCDevFTNbC0,"What is Standard Deviation and Mean Absolute Deviation | Math, Statistics for data science, ML",2021-04-23,97992,2500,139
333,8ZI55Inh1_A,Introduction | Mathematics and statistics for data science and machine learning,2021-04-18,218503,4558,332
334,KzQQCtgzQbw,"What is logarithm? | Math, Statistics for data science, machine learning",2021-04-18,86882,2500,187
335,Fsqga8GeO2g,LIVE: Data Science QA,2021-04-17,12370,401,23
336,7sFRpbPKTG4,Business Analyst VS Data Analyst,2021-04-15,99399,2908,163
337,5TRr2oWeSw0,FIRST LOOK: NVIDIA DGX Station A100 Unboxing,2021-04-12,47674,838,98
338,C07T45z-iWs,LIVE Data Analyst QA Ft. Alex The Analyst,2021-04-10,10505,442,29
339,FMs09SG4ePU,Why bitcoin price is going up? | Why crypto going up?,2021-04-09,4533,158,30
340,m684QWvVDTA,"PHD in machine learning or data science, is it worth?",2021-04-08,37441,814,69
341,QAsZgzLPaWU,How bitcoin miners collect their reward? | How miners send mining reward in their digital wallet?,2021-04-05,30530,691,143
342,hQwFeIupNP0,"What is Word2Vec? A Simple Explanation | Deep Learning Tutorial 41 (Tensorflow, Keras  Python)",2021-04-04,118676,3094,99
343,1KnNhd5TE7o,LIVE Data Science and Programming QA: Ft. Bhavesh Bhatt,2021-04-03,4881,193,12
344,n9Jelsno0TA,He completed his data science masters in USA for FREE!,2021-04-01,34222,741,17
345,dWwTWXVxnbw,Join with me to attend FREE AI Conference NVIDIA GTC: April 12 to 16,2021-03-27,4562,178,187
346,F1ZnbUjrSbU,LIVE QA: Data science transition from non technical background,2021-03-26,5291,173,8
347,Fuw0wv3X-0o,"Word embedding using keras embedding layer | Deep Learning Tutorial 40 (Tensorflow, Keras  Python)",2021-03-24,54984,1186,54
348,qHlpvKjA-lk,What is Bitcoin | How does bitcoin work | Easy Explanation of Bitcoin | Explain Bitcoin as If I am 5,2021-03-20,29195,753,95
349,pXuTupqq0xg,How can you start learning data science from your school days?,2021-03-19,5414,152,56
350,qFNBaiepRXc,How do I manage time for youtube channel and 9 to 6 job?,2021-03-14,10069,562,85
351,sZGuyTLjsco,"Converting words to numbers, Word Embeddings | Deep Learning Tutorial 39 (Tensorflow  Python)",2021-03-13,66765,1512,58
352,4BLxapDqrlA,Mechanical Engineer To Data Analyst,2021-03-11,46441,1047,65
353,-nL66ECoFI4,Should I join startup OR a big mnc company OR pursue masters abroad ?,2021-03-09,7209,388,53
354,cys2otlV3Ng,Masters in business analytics from Australia | Guidance and tips,2021-03-06,45765,1021,71
355,HNE0qHJ9A9o,Python Pandas Tutorial 15. Handle Large Datasets In Pandas | Memory Optimization Tips For Pandas,2021-03-04,42815,926,22
356,OIucG2hvdCo,Petroleum Engineer To Data Scientist,2021-03-02,16621,364,28
357,atYPhweJ7ao,"Bidirectional RNN | Deep Learning Tutorial 38 (Tensorflow, Keras  Python)",2021-02-28,50180,1110,38
358,GD-fqjKFcPI,"Bug Wars Episode 1: Software Engineer VS a BUG, An Epic Battle, Star Wars Style",2021-02-27,4105,153,47
359,BCuJXskWgSI,Why is Python slow?,2021-02-24,9815,506,69
360,tOuXgORsXJ4,Simple Explanation of GRU (Gated Recurrent Units) | Deep Learning Tutorial 37 (Tensorflow  Python),2021-02-21,88201,1816,31
361,b23kMqp2M7A,Conversation With a Python Steering Council Member,2021-02-20,2432,133,6
362,ObmpEe-61go,Learn DevOps Skills For Free Using KodeKloud Engineer,2021-02-17,19842,564,46
363,HqKgsszV-3Y,Data Science Masters in USA | Guidance and Tips,2021-02-14,66824,1981,83
364,9bsK03SlmNM,Simple Explanation of Recursion | Recursion Python| Data Structures  Algorithms Tutorial Python #20,2021-02-13,84482,2460,141
365,-GmJLI122ZM,QR Code In 10 lines of Python Code | Generate and Access QR Code Easily Using Python,2021-02-09,122096,2365,117
366,LfnrRPFhkuY,"Simple Explanation of LSTM | Deep Learning Tutorial 36 (Tensorflow, Keras  Python)",2021-02-06,332658,7560,230
367,pqSoCa2NGj4,Power BI Data Analytics Project: Personal Finance Dashboard,2021-01-30,123481,2680,191
368,uyEIihDoXR8,Instagram automation with 10 lines of python code | Python Instagram BOT,2021-01-27,281540,6340,641
369,qowp6SQ9_Oo,"Vanishing and exploding gradients | Deep Learning Tutorial 35 (Tensorflow, Keras  Python)",2021-01-23,71860,1770,54
370,V4AcLJ2cgmU,Parameters vs hyperparameters in machine learning,2021-01-21,37191,867,33
371,MDu_oiU5EgM,He got 5 internships and 2 job offers | Interview with Zomato machine learning engineer,2021-01-17,7822,269,53
372,8Ert2Soaj9U,Not getting any interview calls? Do this. |  How to get interview calls?,2021-01-16,45949,1425,129
373,n05CmcjOcho,Should I pursue data analyst masters in USA?,2021-01-15,37175,650,91
374,EzsXi4WzelI,Types of RNN | Recurrent Neural Network Types | Deep Learning Tutorial 34 (Tensorflow  Python),2021-01-15,53074,1091,18
375,Y2wfIKQyd1I,"What is Recurrent Neural Network (RNN)? Deep Learning Tutorial 33 (Tensorflow, Keras  Python)",2021-01-12,234792,4605,132
376,IpawPa1e2o0,Do this to get a data science job abroad,2021-01-10,83513,2613,167
377,VxOKSzKRB3w,"Going to USA for data science Or computer science masters, good idea?",2021-01-08,142753,5500,402
378,IfRMV2MY9n0,Object detection using YOLO v4 and pre trained model | Deep Learning Tutorial 32 (Tensorflow),2021-01-07,164116,2939,103
379,ZhnJ1bkIWWk,Bitcoin mining with 15 lines of python code Python Bitcoin Tutorial,2021-01-03,1097540,31759,2734
380,rLvpY2v9hWQ,Data Scientist vs Machine Learning Engineer | DS vs ML,2021-01-02,118725,3838,163
381,AoOo5zufdbE,Codebasics Hindi Channel | Codebasics ‡§π‡§ø‡§Ç‡§¶‡•Ä,2021-01-01,4084,192,35
382,EArKJnmAgkI,"Skillbasics.com, a website for your tech learning! Wish you all a very happy new year !",2020-12-31,6041,460,88
383,P1uHDPpe_04,Build language translator with 3 lines of python code,2020-12-30,80697,1760,164
384,VNmghbJRv8I,Top 5 Programming Languages To Learn in 2021,2020-12-27,98159,1400,269
385,QC2d2jmdbPM,Can anyone learn coding? | How to learn coding faster?,2020-12-26,9693,550,102
386,ag3DLKsl2vk,"What is YOLO algorithm? | Deep Learning Tutorial 31 (Tensorflow, Keras  Python)",2020-12-25,492947,10731,247
387,Lxlmcxpmr_g,Participate in codebasics contests and win prizes!,2020-12-24,2345,169,38
388,uN_yT-5t2hU,Life of a programmer in one word,2020-12-24,2781,152,29
389,AimW3j7M2Uw,"Sliding Window Object Detection | Deep Learning Tutorial 30 (Tensorflow, Keras  Python)",2020-12-23,41544,891,32
390,a2CO-OWk2xo,Tableau Project For Beginners | Sales Insights : 6 - Feedback From Stakeholders  Profit Analysis,2020-12-21,46541,981,95
391,XXRtOmI7-kM,My YouTube setup (hardware and software) | Youtube Setup For Coding Channel,2020-12-20,11098,299,39
392,6BLY1IfV-1M,Tableau Project For Beginners |  Sales Insights :  5 - Build Tableau Dashboard,2020-12-19,84895,1812,113
393,B2dCCRY_l78,Tableau Project For Beginners | Sales Insights : 4 - Data Cleaning  ETL in Tableau,2020-12-18,73270,1071,88
394,fgMD2wvpvpk,Tableau Project For Beginners | Sales Insights : 3 - Data Analysis Using SQL,2020-12-17,109854,1572,146
395,hK058kTWagQ,"200k Subscribers, Big announcement and Channel Update",2020-12-12,5315,357,86
396,oIBpPDOqstw,Data science career tips from H20.ai machine learning engineer and a Kaggle expert,2020-12-11,10860,279,27
397,9F-GYV2lrwA,What is GPT3? | GPT3 demo,2020-12-08,24254,680,55
398,SfqN-Hc5two,"Popular datasets for computer vision: ImageNet, Coco and Google Open images | Deep Learning 29",2020-12-07,52772,1083,51
399,Kh6k7Vh7Rs8,Oyo rooms data analyst will teach you how to get a data analyst internship,2020-12-06,58508,2097,112
400,0d6NTZJ6q6A,"Learn coding in 3 months, step by step coding roadmap | How to learn to code for absolute beginners?",2020-12-01,570296,22341,728
401,taC5pMCm70U,Image classification vs Object detection vs Image Segmentation | Deep Learning Tutorial 28,2020-11-30,83160,1812,39
402,9ixxhdVjOV4,He earned 1.5 lakh rs a month as a freelancer | Live session,2020-11-29,13781,519,32
403,CBsmoxcBAJk,"Project announcement to help blind people using Computer Vision, NLP  IOT",2020-11-28,4972,253,23
404,-JhV-FRQwQQ,How to get software engineering internship | How to get programming Job,2020-11-28,24111,629,68
405,hhkLdjIimlw,Selection Sort in python - Data Structures  Algorithms Tutorial Python #19,2020-11-27,38808,554,70
406,VqKq78PVO9g,"Machine Learning Tutorial Python - 17: L1 and L2 Regularization | Lasso, Ridge Regression",2020-11-26,206732,4559,170
407,LsdxvjLWkIY,"Transfer Learning | Deep Learning Tutorial 27 (Tensorflow, Keras  Python)",2020-11-23,138726,2921,132
408,sQnG6XiFfLE,He became top rated freelancer in first 4 months on upwork | Data analyst freelancer,2020-11-22,367256,10605,505
409,iAyCX4enaXA,Grocery Store Application - 6. List orders | Python project tutorial,2020-11-21,28044,307,18
410,rJlFUMlKsz0,Grocery Store Application - 5. Insert order functionality | Python project tutorial,2020-11-20,16975,143,14
411,NJB6RT0tsLI,Convert python file to exe in less than 2 minutes (.py to .exe),2020-11-20,57531,437,47
412,RsK70V-R2N0,Grocery Store Application - 4. Products Frontend | Python project tutorial,2020-11-19,34316,355,38
413,VQsqdp_I9Ro,Grocery Store Application - 2. Database Design | Python project tutorial,2020-11-17,82883,1026,49
414,0ZaC6JaNpic,Grocery Store Application - 1. Overview | Python project tutorial,2020-11-16,125567,2007,62
415,QQ0_M8OOppg,Do you need help with live mock coding interviews?,2020-11-07,2851,116,23
416,9F8zD42hQCA,Snake and apple game in python pygame - 1. Intro and create surface | Python project tutorial,2020-11-07,41752,746,67
417,JdHaZjS18UM,"Snake and apple game in python pygame - 5. Snake eats apple, find score | Python project tutorial",2020-11-07,9746,84,8
418,RpkhOiIn2fM,Snake and apple game in python pygame - 6. Game over logic | Python project tutorial,2020-11-07,3968,81,6
419,7WR-9yOT7OE,Snake and apple game in python pygame - 4. Draw snake and apple | Python project tutorial,2020-11-07,5007,74,13
420,d2SetJgqBDQ,"Snake and apple game in python pygame - 7. Add background music,image | Python project tutorial",2020-11-07,6720,65,14
421,dtBUB5i2d9s,Snake and apple game in python pygame - 8. Convert python to exe | Python project tutorial,2020-11-07,12222,223,16
422,mTVf7BN7S8w,"Data augmentation to address overfitting | Deep Learning Tutorial 26 (Tensorflow, Keras  Python)",2020-11-01,108087,2103,125
423,VxNr9Vudp4Y,Shell Sort - Data Structures  Algorithms Tutorial Python #18,2020-10-31,35679,570,38
424,F7ox6R773OQ,Noise removal using AI: NVIDIA broadcast,2020-10-30,31247,560,91
425,oDAPkZ53zKk,"Convolution padding and stride | Deep Learning Tutorial 25 (Tensorflow2.0, Keras  Python)",2020-10-26,69569,1952,51
426,7HPwo4wnJeA,Image classification using CNN (CIFAR10 dataset) | Deep Learning Tutorial 24 (Tensorflow  Python),2020-10-24,397619,6484,298
427,nCNfu_zNhyI,Merge Sort - Data Structures  Algorithms Tutorial Python #17,2020-10-21,87782,1459,120
428,zfiSAzpy9NM,Simple explanation of convolutional neural network | Deep Learning Tutorial 23 (Tensorflow  Python),2020-10-14,753705,16939,661
429,ZajwOKbY3XU,How to ask technical questions in a right way?,2020-10-11,2043,138,46
430,aDpnaxPAmtU,"Applications of computer vision | Deep Learning Tutorial 22 (Tensorflow2.0, Keras  Python)",2020-10-08,73881,2362,62
431,cXBK_G5M1Ng,How to become industry ready when you are in college,2020-10-06,6597,455,70
432,4rjai6MHqQQ,Surprise announcement for you all (MUST watch),2020-10-04,6455,304,74
433,K0zTIF3rm9s,Insertion Sort - Data Structures  Algorithms Tutorial Python #16,2020-10-02,61216,969,77
434,JMipUHeREIw,Announcing Discord Server For Codebasics,2020-10-01,4142,230,53
435,JnlM4yLFNuo,Handling imbalanced dataset in machine learning | Deep Learning Tutorial 21 (Tensorflow2.0  Python),2020-09-24,147866,3272,200
436,lcI8ukTUEbo,"Dropout Regularization | Deep Learning Tutorial 20 (Tensorflow2.0, Keras  Python)",2020-09-23,68458,2173,71
437,87PzGnEzCNc,How to earn money by coding | Make money by programming,2020-09-22,152969,5264,264
438,5iSZ7mh_RAk,Quick Sort - Data Structures  Algorithms Tutorial Python #15,2020-09-20,86316,1443,105
439,ppmIOUIz4uI,Bubble Sort - Data Structures  Algorithms Tutorial Python #14,2020-09-18,68660,1564,83
440,GnZ9ppr_zaI,Binary Search - Data Structures  Algorithms Tutorial Python #13,2020-09-17,62068,1109,86
441,27u8xHqLMZE,Complete python roadmap | How to become an expert in python programming,2020-09-13,870380,30237,1035
442,2osIZ-dSPGE,"Precision, Recall, F1 score, True Positive|Deep Learning Tutorial 19 (Tensorflow2.0, Keras  Python)",2020-09-08,197960,4773,224
443,MSBY28IJ47U,"Customer churn prediction using ANN | Deep Learning Tutorial 18 (Tensorflow2.0, Keras  Python)",2020-09-07,143911,2814,185
444,OqGHe81tOxE,Data Analyst Career Guidance Live QA,2020-09-06,4843,238,21
445,oXpJzbXnB4A,How important is programming and machine learning for a Data Analyst?,2020-09-05,24604,966,72
446,E_IQ3mzZyrw,8 Skills to get a data analyst job | Skills to become successful data analyst,2020-09-02,634947,22501,741
447,YmDaqXMIoeY,"GPU bench-marking with image classification | Deep Learning Tutorial 17 (Tensorflow2.0, Python)",2020-08-31,57451,1357,88
448,JCGbRDL7F10,Data Science In Biology | How a biologist became a data scientist,2020-08-30,11642,365,38
449,9SdLOcGnebU,"Tensorboard Introduction | Deep Learning Tutorial 16 (Tensorflow2.0, Keras  Python)",2020-08-29,69950,1555,63
450,K_oJLQx2ySY,How to pass a coding interview |Interview tips for software developer |Cracking the coding interview,2020-08-26,101097,3076,121
451,K5Ek0Y8ji0E,"Interview with a siemens data scientist, TEDx speaker | Vijay Pravin Maharajan",2020-08-23,6221,238,25
452,j0IYCyBdzfA,Graph Introduction - Data Structures  Algorithms Tutorials In Python #12,2020-08-22,149388,2722,175
453,5QhqkZxf1js,Building 3500$ Deep Learning Workstation | Deep Learning PC build From Scratch,2020-08-20,32337,727,85
454,IU5fuoYBTAM,Stochastic Gradient Descent vs Batch Gradient Descent vs Mini Batch Gradient Descent |DL Tutorial 14,2020-08-18,126757,3318,220
455,pXGBHV3y8rs,"Gradient Descent For Neural Network | Deep Learning Tutorial 12 (Tensorflow2.0, Keras  Python)",2020-08-14,137587,3491,306
456,Wibxjrxf5ko,"Matrix Basics | Deep Learning Tutorial 10 (Tensorflow Tutorial, Keras  Python)",2020-08-04,86854,2206,62
457,cT4pQT5Da0Q,"Derivatives | Deep Learning Tutorial 9 (Tensorflow Tutorial, Keras  Python)",2020-08-01,85606,2513,167
458,GKGIYPmdXGc,NVIDIA TITAN RTX UNBOXING,2020-07-31,4796,176,49
459,icZItWxw7AI,"Activation Functions | Deep Learning Tutorial 8 (Tensorflow Tutorial, Keras  Python)",2020-07-20,182319,6237,158
460,iqQgED9vV7k,Neural Network For Handwritten Digits Classification | Deep Learning Tutorial 7 (Tensorflow2.0),2020-07-18,324333,5654,449
461,z-ZR_8BZ1wQ,"Pytorch vs Tensorflow vs Keras | Deep Learning Tutorial 6 (Tensorflow Tutorial, Keras  Python)",2020-07-17,173818,2630,49
462,VC-EliTgMEM,"Install tensorflow 2.0 | Deep Learning Tutorial 5 (Tensorflow Tutorial, Keras  Python)",2020-07-16,207163,1808,159
463,ER2It2mIagI,"Neural Network Simply Explained | Deep Learning Tutorial 4 (Tensorflow2.0, Keras  Python)",2020-07-14,299441,11315,974
464,VhRtaziEWd4,"What is a neuron? | Deep Learning Tutorial 3 (Tensorflow Tutorial, Keras  Python)",2020-07-13,224050,9497,409
465,Mubj_fqiAv8,"Introduction | Deep Learning Tutorial 1 (Tensorflow Tutorial, Keras  Python)",2020-07-11,539638,7066,198
466,68m2UCtedj0,Power BI Project For Beginners | Sales Insights Data Analysis Project - 9 Changes Based On Feedback,2020-07-06,93714,1416,259
467,_QqhyLfRzb0,Power BI Project For Beginners |  Sales Insights Data Analysis Project - 8 - Dashboard in mobile app,2020-07-01,46634,862,38
468,tGxelSFySuI,Power BI Project For Beginners |  Sales Insights Data Analysis Project - 7 - Publish A Report,2020-06-30,61175,886,50
469,gDuMaJfDtS0,Power BI Project For Beginners | Sales Insights Data Analysis Project - 6 - Stakeholders&#39; Feedback,2020-06-28,57958,1113,70
470,6pifKxjyHd8,Power BI Project For Beginners |  Sales Insights Data Analysis Project - 4 - Data Cleaning  ETL,2020-06-26,188841,3608,342
471,JOrhcV3_NAk,Power BI Project For Beginners | Sales Insights Data Analysis Project - 3 - Data Analysis Using SQL,2020-06-25,266479,4819,373
472,9QiZ0-HZG_A,Power BI Project For Beginners | Sales Insights Data Analysis Project - 2 - Data Discovery,2020-06-24,226603,2749,96
473,hhZ62IlTxYs,Power BI Project For Beginners | Sales Insights Data Analysis Project - 1 - Problem Statement,2020-06-23,485522,6974,239
474,xucm6_BQPJU,Artificial Intelligence (AI) vs Machine Learning vs Deep Learning vs Data Science,2020-06-22,80372,2028,136
475,ep3t8oAvZjs,"Codebasics Live QA : 21 June, 2020",2020-06-21,2794,125,13
476,j8PnojuLnVo,3 Books that will help you become successful,2020-06-18,2807,154,32
477,W-PmvEeHioQ,Data Science  Machine Learning Project - Part 8 Deployment  Exercise | Image Classification,2020-06-18,28059,725,74
478,idMKTkfeo4A,Data Science  Machine Learning Project - Part 7 Build Website | Image Classification,2020-06-18,34100,298,36
479,NtNl97LlpOk,Data Science  Machine Learning Project - Part 6 Flask Server | Image Classification,2020-06-16,34535,516,97
480,lqEzYDuTnvU,How B com graduate became a data analyst | Data analyst career transition,2020-06-15,167359,4512,339
481,5Uc_m9CRWro,Data Science  Machine Learning Project - Part 5 Training a Model | Image Classification,2020-06-15,34553,421,45
482,sWAPtaBZKBQ,Data Science  Machine Learning Project - Part 4 Feature Engineering | Image Classification,2020-06-14,38915,535,60
483,ny5Mv7wYzFU,"Data Science Interview Tips, Career Guidance With Ken Jee, Krish Naik, Data Professor  Codebasics",2020-06-14,7837,453,38
484,kwKfWBb6frs,Data Science  Machine Learning Project - Part 3 Data Cleaning | Image Classification,2020-06-13,90131,1563,288
485,m1dQ38qDABw,Data Science  Machine Learning Project - Part 2 Data Collection | Image Classification,2020-06-12,67989,824,46
486,qWXXHjV3JHI,Data Science  Machine Learning Project - Part 1 Introduction | Image Classification,2020-06-12,119327,1695,81
487,pOXmn7jP9gQ,Is Becoming a Data Scientist Hard?,2020-06-11,52524,1944,106
488,34-RThWWRHM,Data Analyst Interview  Job Tips With A Data Analyst | Mechanical Engineer to Data Analyst,2020-06-09,63413,1515,117
489,YKPFQUvckU0,Data Analyst Resume Review Session | Review 27 Real Resumes For Data Analyst Position,2020-05-31,65559,1633,85
490,A3gClkblXK8,Outlier detection and removal using IQR | Feature engineering tutorial python # 4,2020-05-29,69119,1374,126
491,KFuEAGR3HS4,"Outlier detection and removal: z score, standard deviation | Feature engineering tutorial python # 3",2020-05-28,97177,1940,119
492,Izk2VJXWSxc,"Career guidance, job tips with Amazon Engineer and Cox AI director Part 2",2020-05-26,1134,39,10
493,ubdmKhVJ5I0,"Career guidance, job tips with Amazon Engineer and Cox AI director Part 1",2020-05-26,2441,95,17
494,pYVScuY-GPk,What is feature engineering | Feature Engineering Tutorial Python # 1,2020-05-25,121098,1928,67
495,lFq5mYUWEBk,Binary Tree Part 1 | BST | Binary Search Tree - Data Structures  Algorithms Tutorials In Python #10,2020-05-19,180691,2764,161
496,BxaeAfVqbXw,Silver Button  A Big Thanks!,2020-05-16,3245,317,112
497,9fqu2m7O8VI,How to get programming experience without having a job | 5 Tips on getting real coding experience,2020-05-10,22479,900,54
498,3qRu5R00y-4,Can anyone learn coding?,2020-05-06,22956,1041,124
499,3qRu5R00y-4,Can anyone learn coding?,2020-05-06,22956,1041,124
500,yZFrSDjRvjk,How to learn anything effectively? | How to learn things effectively?,2020-04-30,154382,6775,182
501,HT76DdBCIfU,Tips to improve programming skills,2020-04-25,14915,679,55
502,rUUrmGKYwHw,Queue - Data Structures  Algorithms Tutorials In Python #8,2020-04-19,121651,1915,117
